13115,"166  ","1660000","トウキョウト","スギナミク","イカニケイサイガナイバアイ","東京都","杉並区","以下に掲載がない場合",0,0,0,0,0,0
13115,"166  ","1660004","トウキョウト","スギナミク","アサガヤミナミ","東京都","杉並区","阿佐谷南",0,0,1,0,0,0
13115,"166  ","1660001","トウキョウト","スギナミク","アサガヤキタ","東京都","杉並区","阿佐谷北",0,0,1,0,0,0
13115,"167  ","1670032","トウキョウト","スギナミク","アマヌマ","東京都","杉並区","天沼",0,0,1,0,0,0
13115,"167  ","1670021","トウキョウト","スギナミク","イグサ","東京都","杉並区","井草",0,0,1,0,0,0
13115,"168  ","1680063","トウキョウト","スギナミク","イズミ","東京都","杉並区","和泉",0,0,1,0,0,0
13115,"167  ","1670035","トウキョウト","スギナミク","イマガワ","東京都","杉並区","今川",0,0,1,0,0,0
13115,"166  ","1660011","トウキョウト","スギナミク","ウメザト","東京都","杉並区","梅里",0,0,1,0,0,0
13115,"168  ","1680064","トウキョウト","スギナミク","エイフク","東京都","杉並区","永福",0,0,1,0,0,0
13115,"168  ","1680061","トウキョウト","スギナミク","オオミヤ","東京都","杉並区","大宮",0,0,1,0,0,0
13115,"167  ","1670051","トウキョウト","スギナミク","オギクボ","東京都","杉並区","荻窪",0,0,1,0,0,0
13115,"167  ","1670023","トウキョウト","スギナミク","カミイグサ","東京都","杉並区","上井草",0,0,1,0,0,0
13115,"167  ","1670043","トウキョウト","スギナミク","カミオギ","東京都","杉並区","上荻",0,0,1,0,0,0
13115,"168  ","1680074","トウキョウト","スギナミク","カミタカイド","東京都","杉並区","上高井戸",0,0,1,0,0,0
13115,"168  ","1680082","トウキョウト","スギナミク","クガヤマ","東京都","杉並区","久我山",0,0,1,0,0,0
13115,"166  ","1660003","トウキョウト","スギナミク","コウエンジミナミ","東京都","杉並区","高円寺南",0,0,1,0,0,0
13115,"166  ","1660002","トウキョウト","スギナミク","コウエンジキタ","東京都","杉並区","高円寺北",0,0,1,0,0,0
13115,"167  ","1670033","トウキョウト","スギナミク","シミズ","東京都","杉並区","清水",0,0,1,0,0,0
13115,"167  ","1670022","トウキョウト","スギナミク","シモイグサ","東京都","杉並区","下井草",0,0,1,0,0,0
13115,"168  ","1680073","トウキョウト","スギナミク","シモタカイド","東京都","杉並区","下高井戸",0,0,1,0,0,0
13115,"167  ","1670054","トウキョウト","スギナミク","ショウアン","東京都","杉並区","松庵",0,0,1,0,0,0
13115,"167  ","1670041","トウキョウト","スギナミク","ゼンプクジ","東京都","杉並区","善福寺",0,0,1,0,0,0
13115,"168  ","1680072","トウキョウト","スギナミク","タカイドヒガシ","東京都","杉並区","高井戸東",0,0,1,0,0,0
13115,"168  ","1680071","トウキョウト","スギナミク","タカイドニシ","東京都","杉並区","高井戸西",0,0,1,0,0,0
13115,"166  ","1660015","トウキョウト","スギナミク","ナリタヒガシ","東京都","杉並区","成田東",0,0,1,0,0,0
13115,"166  ","1660016","トウキョウト","スギナミク","ナリタニシ","東京都","杉並区","成田西",0,0,1,0,0,0
13115,"167  ","1670053","トウキョウト","スギナミク","ニシオギミナミ","東京都","杉並区","西荻南",0,0,1,0,0,0
13115,"167  ","1670042","トウキョウト","スギナミク","ニシオギキタ","東京都","杉並区","西荻北",0,0,1,0,0,0
13115,"168  ","1680065","トウキョウト","スギナミク","ハマダヤマ","東京都","杉並区","浜田山",0,0,1,0,0,0
13115,"168  ","1680062","トウキョウト","スギナミク","ホウナン","東京都","杉並区","方南",0,0,1,0,0,0
13115,"166  ","1660013","トウキョウト","スギナミク","ホリノウチ","東京都","杉並区","堀ノ内",0,0,1,0,0,0
13115,"167  ","1670031","トウキョウト","スギナミク","ホンアマヌマ","東京都","杉並区","本天沼",0,0,1,0,0,0
13115,"166  ","1660014","トウキョウト","スギナミク","マツノキ","東京都","杉並区","松ノ木",0,0,1,0,0,0
13115,"167  ","1670052","トウキョウト","スギナミク","ミナミオギクボ","東京都","杉並区","南荻窪",0,0,1,0,0,0
13115,"168  ","1680081","トウキョウト","スギナミク","ミヤマエ","東京都","杉並区","宮前",0,0,1,0,0,0
13115,"167  ","1670034","トウキョウト","スギナミク","モモイ","東京都","杉並区","桃井",0,0,1,0,0,0
13115,"166  ","1660012","トウキョウト","スギナミク","ワダ","東京都","杉並区","和田",0,0,1,0,0,0
